Name,Type,Location,Reservation,Coat Check,Cover,Price,Stars,URL,Review,Business Hours
Saloniki Greek,,1 Beacon St,,,,,4.1,https://www.yelp.com/biz/saloniki-greek-boston-4?adjust_creative=MJG9nGcXziyd-cakMaW14A&utm_campaign=yelp_api_v3&utm_medium=api_v3_business_search&utm_source=MJG9nGcXziyd-cakMaW14A,,Monday: 11:00 AM - 08:00 PM; Tuesday: 11:00 AM - 08:00 PM; Wednesday: 11:00 AM - 08:00 PM; Thursday: 11:00 AM - 08:00 PM; Friday: 11:00 AM - 08:00 PM; Saturday: 12:00 PM - 06:00 PM
Krasi,,48 Gloucester St,,,,$$,4.6,https://www.yelp.com/biz/krasi-boston-2?adjust_creative=MJG9nGcXziyd-cakMaW14A&utm_campaign=yelp_api_v3&utm_medium=api_v3_business_search&utm_source=MJG9nGcXziyd-cakMaW14A,,Monday: 05:00 PM - 11:00 PM; Tuesday: 05:00 PM - 11:00 PM; Wednesday: 05:00 PM - 11:00 PM; Thursday: 05:00 PM - 11:00 PM; Friday: 05:00 PM - 11:00 PM; Saturday: 10:00 AM - 03:00 PM; Saturday: 05:00 PM - 11:00 PM; Sunday: 10:00 AM - 03:00 PM; Sunday: 05:00 PM - 11:00 PM
KAVA neo-taverna,,315 Shawmut Ave,,,,$$$,4.3,https://www.yelp.com/biz/kava-neo-taverna-boston-2?adjust_creative=MJG9nGcXziyd-cakMaW14A&utm_campaign=yelp_api_v3&utm_medium=api_v3_business_search&utm_source=MJG9nGcXziyd-cakMaW14A,,Monday: 04:00 PM - 10:30 PM; Tuesday: 04:00 PM - 10:30 PM; Wednesday: 04:00 PM - 10:30 PM; Thursday: 04:00 PM - 10:30 PM; Friday: 11:00 AM - 11:30 PM; Saturday: 11:00 AM - 11:30 PM; Sunday: 11:00 AM - 10:30 PM
GRECO,,225 Newbury St,,,,$$,4.4,https://www.yelp.com/biz/greco-boston-12?adjust_creative=MJG9nGcXziyd-cakMaW14A&utm_campaign=yelp_api_v3&utm_medium=api_v3_business_search&utm_source=MJG9nGcXziyd-cakMaW14A,,Monday: 11:00 AM - 10:00 PM; Tuesday: 11:00 AM - 10:00 PM; Wednesday: 11:00 AM - 10:00 PM; Thursday: 11:00 AM - 10:00 PM; Friday: 11:00 AM - 10:00 PM; Saturday: 11:00 AM - 10:00 PM; Sunday: 11:00 AM - 10:00 PM
GRECO,,200 Pier Four Blvd,,,,$$,4.2,https://www.yelp.com/biz/greco-boston-16?adjust_creative=MJG9nGcXziyd-cakMaW14A&utm_campaign=yelp_api_v3&utm_medium=api_v3_business_search&utm_source=MJG9nGcXziyd-cakMaW14A,,Monday: 11:00 AM - 10:00 PM; Tuesday: 11:00 AM - 10:00 PM; Wednesday: 11:00 AM - 10:00 PM; Thursday: 11:00 AM - 10:00 PM; Friday: 11:00 AM - 10:00 PM; Saturday: 11:00 AM - 10:00 PM; Sunday: 11:00 AM - 10:00 PM
Zo Greek,,355 Revolution Dr,,,,$$,4.3,https://www.yelp.com/biz/zo-greek-somerville?adjust_creative=MJG9nGcXziyd-cakMaW14A&utm_campaign=yelp_api_v3&utm_medium=api_v3_business_search&utm_source=MJG9nGcXziyd-cakMaW14A,,Monday: 11:00 AM - 09:30 PM; Tuesday: 11:00 AM - 09:30 PM; Wednesday: 11:00 AM - 09:30 PM; Thursday: 11:00 AM - 09:30 PM; Friday: 11:00 AM - 10:00 PM; Saturday: 11:00 AM - 10:00 PM; Sunday: 11:00 AM - 09:30 PM
Greco,,1 Milk St,,,,,4.3,https://www.yelp.com/biz/greco-boston-15?adjust_creative=MJG9nGcXziyd-cakMaW14A&utm_campaign=yelp_api_v3&utm_medium=api_v3_business_search&utm_source=MJG9nGcXziyd-cakMaW14A,,Monday: 11:00 AM - 08:00 PM; Tuesday: 11:00 AM - 08:00 PM; Wednesday: 11:00 AM - 08:00 PM; Thursday: 11:00 AM - 08:00 PM; Friday: 11:00 AM - 08:00 PM; Saturday: 11:00 AM - 08:00 PM
Committee,,50 Northern Ave,,,,$$$,3.9,https://www.yelp.com/biz/committee-boston?adjust_creative=MJG9nGcXziyd-cakMaW14A&utm_campaign=yelp_api_v3&utm_medium=api_v3_business_search&utm_source=MJG9nGcXziyd-cakMaW14A,,Monday: 11:00 AM - 12:00 AM; Tuesday: 11:00 AM - 12:00 AM; Wednesday: 11:00 AM - 12:00 AM; Thursday: 11:00 AM - 01:00 AM; Friday: 11:00 AM - 01:00 AM; Saturday: 10:00 AM - 01:00 AM; Sunday: 10:00 AM - 12:00 AM
Servia,,126 State St,,,,,4.2,https://www.yelp.com/biz/servia-boston?adjust_creative=MJG9nGcXziyd-cakMaW14A&utm_campaign=yelp_api_v3&utm_medium=api_v3_business_search&utm_source=MJG9nGcXziyd-cakMaW14A,,Tuesday: 05:00 PM - 10:00 PM; Wednesday: 05:00 PM - 10:00 PM; Thursday: 05:00 PM - 10:00 PM; Friday: 05:00 PM - 10:00 PM; Saturday: 05:00 PM - 10:00 PM
The Greek Gyro,,88 Peterborough St,,,,$$,4.7,https://www.yelp.com/biz/the-greek-gyro-boston-2?adjust_creative=MJG9nGcXziyd-cakMaW14A&utm_campaign=yelp_api_v3&utm_medium=api_v3_business_search&utm_source=MJG9nGcXziyd-cakMaW14A,,Monday: 11:00 AM - 10:00 PM; Tuesday: 11:00 AM - 10:00 PM; Wednesday: 11:00 AM - 10:00 PM; Thursday: 11:00 AM - 10:00 PM; Friday: 11:00 AM - 10:00 PM; Saturday: 11:00 AM - 10:00 PM; Sunday: 11:00 AM - 10:00 PM
Bar Vlaha,,1653 Beacon St,,,,,4.4,https://www.yelp.com/biz/bar-vlaha-brookline?adjust_creative=MJG9nGcXziyd-cakMaW14A&utm_campaign=yelp_api_v3&utm_medium=api_v3_business_search&utm_source=MJG9nGcXziyd-cakMaW14A,,Monday: 05:00 PM - 10:00 PM; Tuesday: 05:00 PM - 10:00 PM; Wednesday: 05:00 PM - 10:00 PM; Thursday: 05:00 PM - 10:00 PM; Friday: 05:00 PM - 11:00 PM; Saturday: 10:00 AM - 03:00 PM; Saturday: 05:00 PM - 11:00 PM; Sunday: 10:00 AM - 03:00 PM; Sunday: 05:00 PM - 10:00 PM
Zo Greek,,92 State St,,,,$,4.4,https://www.yelp.com/biz/zo-greek-boston-2?adjust_creative=MJG9nGcXziyd-cakMaW14A&utm_campaign=yelp_api_v3&utm_medium=api_v3_business_search&utm_source=MJG9nGcXziyd-cakMaW14A,,Monday: 11:00 AM - 03:00 PM; Tuesday: 11:00 AM - 03:00 PM; Wednesday: 11:00 AM - 03:00 PM; Thursday: 11:00 AM - 03:00 PM; Friday: 11:00 AM - 03:00 PM
Saloniki Greek,,316 Newbury St,,,,$$,4.0,https://www.yelp.com/biz/saloniki-greek-boston-5?adjust_creative=MJG9nGcXziyd-cakMaW14A&utm_campaign=yelp_api_v3&utm_medium=api_v3_business_search&utm_source=MJG9nGcXziyd-cakMaW14A,,Monday: 11:00 AM - 09:00 PM; Tuesday: 11:00 AM - 09:00 PM; Wednesday: 11:00 AM - 09:00 PM; Thursday: 11:00 AM - 09:00 PM; Friday: 11:00 AM - 09:00 PM; Saturday: 11:00 AM - 09:00 PM; Sunday: 11:00 AM - 09:00 PM
Desfina Restaurant,,202 3rd St,,,,$$,3.9,https://www.yelp.com/biz/desfina-restaurant-cambridge?adjust_creative=MJG9nGcXziyd-cakMaW14A&utm_campaign=yelp_api_v3&utm_medium=api_v3_business_search&utm_source=MJG9nGcXziyd-cakMaW14A,,Monday: 11:00 AM - 10:00 PM; Tuesday: 11:00 AM - 10:00 PM; Wednesday: 11:00 AM - 10:00 PM; Thursday: 11:00 AM - 10:00 PM; Friday: 11:00 AM - 10:00 PM; Saturday: 05:00 PM - 10:00 PM
Limani Grille,,100 Northern Ave,,,,,4.1,https://www.yelp.com/biz/limani-grille-boston?adjust_creative=MJG9nGcXziyd-cakMaW14A&utm_campaign=yelp_api_v3&utm_medium=api_v3_business_search&utm_source=MJG9nGcXziyd-cakMaW14A,,Monday: 12:00 PM - 10:00 PM; Tuesday: 12:00 PM - 10:00 PM; Wednesday: 12:00 PM - 10:00 PM; Thursday: 12:00 PM - 10:00 PM; Friday: 12:00 PM - 11:00 PM; Saturday: 12:00 PM - 11:00 PM; Sunday: 12:00 PM - 09:00 PM
Saloniki Greek,,4 Kilmarnock St,,,,$$,4.1,https://www.yelp.com/biz/saloniki-greek-boston?adjust_creative=MJG9nGcXziyd-cakMaW14A&utm_campaign=yelp_api_v3&utm_medium=api_v3_business_search&utm_source=MJG9nGcXziyd-cakMaW14A,,Monday: 11:00 AM - 09:00 PM; Tuesday: 11:00 AM - 09:00 PM; Wednesday: 11:00 AM - 09:00 PM; Thursday: 11:00 AM - 09:00 PM; Friday: 11:00 AM - 09:00 PM; Saturday: 11:00 AM - 09:00 PM; Sunday: 11:00 AM - 09:00 PM
GRECO,,80 Causeway St,,,,,3.2,https://www.yelp.com/biz/greco-boston-11?adjust_creative=MJG9nGcXziyd-cakMaW14A&utm_campaign=yelp_api_v3&utm_medium=api_v3_business_search&utm_source=MJG9nGcXziyd-cakMaW14A,,Monday: 11:00 AM - 09:00 PM; Tuesday: 11:00 AM - 09:00 PM; Wednesday: 11:00 AM - 09:00 PM; Thursday: 11:00 AM - 09:00 PM; Friday: 11:00 AM - 09:00 PM; Saturday: 11:00 AM - 09:00 PM; Sunday: 11:00 AM - 09:00 PM
Aceituna Grill,,57 Boston Wharf Rd,,,,$$,3.8,https://www.yelp.com/biz/aceituna-grill-boston?adjust_creative=MJG9nGcXziyd-cakMaW14A&utm_campaign=yelp_api_v3&utm_medium=api_v3_business_search&utm_source=MJG9nGcXziyd-cakMaW14A,,Monday: 10:30 AM - 08:00 PM; Tuesday: 10:30 AM - 08:00 PM; Wednesday: 10:30 AM - 08:00 PM; Thursday: 10:30 AM - 08:00 PM; Friday: 10:30 AM - 08:00 PM; Saturday: 10:30 AM - 08:00 PM; Sunday: 12:00 PM - 07:00 PM
anoush'ella,,35 W Newton St,,,,$$,4.3,https://www.yelp.com/biz/anoushella-boston?adjust_creative=MJG9nGcXziyd-cakMaW14A&utm_campaign=yelp_api_v3&utm_medium=api_v3_business_search&utm_source=MJG9nGcXziyd-cakMaW14A,,Monday: 11:00 AM - 09:30 PM; Tuesday: 11:00 AM - 09:30 PM; Wednesday: 11:00 AM - 09:30 PM; Thursday: 11:00 AM - 09:30 PM; Friday: 11:00 AM - 09:30 PM; Saturday: 10:00 AM - 09:30 PM; Sunday: 10:00 AM - 09:30 PM
Opa Greek Yeeros,,378 Highland Ave,,,,$,4.5,https://www.yelp.com/biz/opa-greek-yeeros-somerville?adjust_creative=MJG9nGcXziyd-cakMaW14A&utm_campaign=yelp_api_v3&utm_medium=api_v3_business_search&utm_source=MJG9nGcXziyd-cakMaW14A,,Monday: 11:00 AM - 09:00 PM; Tuesday: 11:00 AM - 09:00 PM; Wednesday: 11:00 AM - 09:00 PM; Thursday: 11:00 AM - 09:00 PM; Friday: 11:00 AM - 09:00 PM; Saturday: 11:00 AM - 09:00 PM; Sunday: 11:00 AM - 09:00 PM
Neptune Oyster,,63 Salem St,,,,$$$,4.3,https://www.yelp.com/biz/neptune-oyster-boston?adjust_creative=MJG9nGcXziyd-cakMaW14A&utm_campaign=yelp_api_v3&utm_medium=api_v3_business_search&utm_source=MJG9nGcXziyd-cakMaW14A,,Monday: 11:00 AM - 09:30 PM; Tuesday: 11:00 AM - 09:30 PM; Wednesday: 11:00 AM - 09:30 PM; Thursday: 11:00 AM - 09:30 PM; Friday: 11:00 AM - 10:30 PM; Saturday: 11:00 AM - 10:30 PM; Sunday: 11:00 AM - 09:30 PM
Roxanne’s,,6B Beacon St,,,,$$,3.8,https://www.yelp.com/biz/roxanne-s-boston?adjust_creative=MJG9nGcXziyd-cakMaW14A&utm_campaign=yelp_api_v3&utm_medium=api_v3_business_search&utm_source=MJG9nGcXziyd-cakMaW14A,,Monday: 04:00 PM - 12:00 AM; Tuesday: 04:00 PM - 12:00 AM; Wednesday: 04:00 PM - 12:00 AM; Thursday: 04:00 PM - 12:00 AM; Friday: 04:00 PM - 02:00 AM; Saturday: 04:00 PM - 02:00 AM
21st Amendment,,150 Bowdoin Sq,,,,$$,4.1,https://www.yelp.com/biz/21st-amendment-boston?adjust_creative=MJG9nGcXziyd-cakMaW14A&utm_campaign=yelp_api_v3&utm_medium=api_v3_business_search&utm_source=MJG9nGcXziyd-cakMaW14A,,Monday: 11:30 AM - 02:00 AM; Tuesday: 11:30 AM - 02:00 AM; Wednesday: 11:30 AM - 02:00 AM; Thursday: 11:30 AM - 02:00 AM; Friday: 11:30 AM - 02:00 AM; Saturday: 11:30 AM - 02:00 AM; Sunday: 11:30 AM - 02:00 AM
Biddy Early's,,141 Pearl St,,,,$,4.3,https://www.yelp.com/biz/biddy-earlys-boston?adjust_creative=MJG9nGcXziyd-cakMaW14A&utm_campaign=yelp_api_v3&utm_medium=api_v3_business_search&utm_source=MJG9nGcXziyd-cakMaW14A,,Monday: 10:30 AM - 02:00 AM; Tuesday: 10:30 AM - 02:00 AM; Wednesday: 10:30 AM - 02:00 AM; Thursday: 10:30 AM - 02:00 AM; Friday: 10:30 AM - 02:00 AM; Saturday: 11:00 AM - 02:00 AM; Sunday: 12:00 PM - 02:00 AM
Fin Point Oyster Bar & Grill,,89 Broad St,,,,$$$,4.4,https://www.yelp.com/biz/fin-point-oyster-bar-and-grill-boston-2?adjust_creative=MJG9nGcXziyd-cakMaW14A&utm_campaign=yelp_api_v3&utm_medium=api_v3_business_search&utm_source=MJG9nGcXziyd-cakMaW14A,,Monday: 11:00 AM - 11:30 PM; Tuesday: 11:00 AM - 11:30 PM; Wednesday: 11:00 AM - 11:30 PM; Thursday: 11:00 AM - 11:30 PM; Friday: 11:00 AM - 12:00 AM; Saturday: 08:00 AM - 12:00 AM; Sunday: 08:00 AM - 10:00 PM
Boston Sail Loft,,80 Atlantic Ave,,,,$$,4.3,https://www.yelp.com/biz/boston-sail-loft-boston?adjust_creative=MJG9nGcXziyd-cakMaW14A&utm_campaign=yelp_api_v3&utm_medium=api_v3_business_search&utm_source=MJG9nGcXziyd-cakMaW14A,,Monday: 11:30 AM - 02:00 AM; Tuesday: 11:30 AM - 02:00 AM; Wednesday: 11:30 AM - 02:00 AM; Thursday: 11:30 AM - 02:00 AM; Friday: 11:30 AM - 02:00 AM; Saturday: 11:30 AM - 02:00 AM; Sunday: 11:30 AM - 02:00 AM
State Street Provisions,,255 State St,,,,$$,3.9,https://www.yelp.com/biz/state-street-provisions-boston?adjust_creative=MJG9nGcXziyd-cakMaW14A&utm_campaign=yelp_api_v3&utm_medium=api_v3_business_search&utm_source=MJG9nGcXziyd-cakMaW14A,,Monday: 11:00 AM - 11:00 PM; Tuesday: 11:00 AM - 12:00 AM; Wednesday: 11:00 AM - 12:00 AM; Thursday: 11:00 AM - 12:00 AM; Friday: 11:00 AM - 01:00 AM; Saturday: 10:00 AM - 01:00 AM; Sunday: 09:00 AM - 11:00 PM
Rose Town Kitchen & Bar,,99 Blackstone St,,,,,4.0,https://www.yelp.com/biz/rose-town-kitchen-and-bar-boston?adjust_creative=MJG9nGcXziyd-cakMaW14A&utm_campaign=yelp_api_v3&utm_medium=api_v3_business_search&utm_source=MJG9nGcXziyd-cakMaW14A,,Monday: 04:00 PM - 11:00 PM; Tuesday: 04:00 PM - 11:00 PM; Wednesday: 04:00 PM - 11:00 PM; Thursday: 04:00 PM - 11:00 PM; Friday: 04:00 PM - 11:00 PM; Saturday: 10:00 AM - 02:00 PM; Saturday: 04:00 PM - 11:00 PM; Sunday: 10:00 AM - 02:00 PM; Sunday: 04:00 PM - 11:00 PM
Chemist Cocktail Bar,,109 High St,,,,,3.9,https://www.yelp.com/biz/chemist-cocktail-bar-boston-2?adjust_creative=MJG9nGcXziyd-cakMaW14A&utm_campaign=yelp_api_v3&utm_medium=api_v3_business_search&utm_source=MJG9nGcXziyd-cakMaW14A,,Monday: 11:00 AM - 12:00 AM; Tuesday: 11:00 AM - 12:00 AM; Wednesday: 11:00 AM - 02:00 AM; Thursday: 11:00 AM - 02:00 AM; Friday: 11:00 AM - 02:00 AM; Saturday: 11:00 AM - 02:00 AM; Sunday: 11:00 AM - 12:00 AM
Trillium Brewing - Fort Point,,50 Thomson Pl,,,,$$,3.9,https://www.yelp.com/biz/trillium-brewing-fort-point-boston-2?adjust_creative=MJG9nGcXziyd-cakMaW14A&utm_campaign=yelp_api_v3&utm_medium=api_v3_business_search&utm_source=MJG9nGcXziyd-cakMaW14A,,Monday: 12:00 PM - 11:00 PM; Tuesday: 12:00 PM - 11:00 PM; Wednesday: 12:00 PM - 11:00 PM; Thursday: 12:00 PM - 11:00 PM; Friday: 12:00 PM - 11:00 PM; Saturday: 10:00 AM - 11:00 PM; Sunday: 10:00 AM - 10:00 PM
The Corner Pub,,162 Lincoln St,,,,$$,4.3,https://www.yelp.com/biz/the-corner-pub-boston?adjust_creative=MJG9nGcXziyd-cakMaW14A&utm_campaign=yelp_api_v3&utm_medium=api_v3_business_search&utm_source=MJG9nGcXziyd-cakMaW14A,,Monday: 11:30 AM - 12:00 AM; Tuesday: 11:30 AM - 12:00 AM; Wednesday: 11:30 AM - 01:00 AM; Thursday: 11:30 AM - 01:00 AM; Friday: 11:30 AM - 02:00 AM; Saturday: 11:30 AM - 02:00 AM; Sunday: 12:00 PM - 10:00 PM
Lolita Cocina & Tequila Bar,,271 Dartmouth St,,,,$$,4.0,https://www.yelp.com/biz/lolita-cocina-and-tequila-bar-boston-4?adjust_creative=MJG9nGcXziyd-cakMaW14A&utm_campaign=yelp_api_v3&utm_medium=api_v3_business_search&utm_source=MJG9nGcXziyd-cakMaW14A,,Monday: 11:30 AM - 01:00 AM; Tuesday: 11:30 AM - 01:00 AM; Wednesday: 11:30 AM - 01:00 AM; Thursday: 11:30 AM - 01:00 AM; Friday: 11:30 AM - 02:00 AM; Saturday: 11:00 AM - 02:00 AM; Sunday: 11:00 AM - 01:00 AM
Emmet's Irish Pub & Restaurant,,6 Beacon St,,,,$$,4.0,https://www.yelp.com/biz/emmets-irish-pub-and-restaurant-boston?adjust_creative=MJG9nGcXziyd-cakMaW14A&utm_campaign=yelp_api_v3&utm_medium=api_v3_business_search&utm_source=MJG9nGcXziyd-cakMaW14A,,Monday: 11:00 AM - 02:00 AM; Tuesday: 11:00 AM - 02:00 AM; Wednesday: 11:00 AM - 02:00 AM; Thursday: 11:00 AM - 02:00 AM; Friday: 11:00 AM - 02:00 AM; Saturday: 11:00 AM - 02:00 AM; Sunday: 11:00 AM - 02:00 AM
Alma Cantina,,15 Union St,,,,$$,3.9,https://www.yelp.com/biz/alma-cantina-boston?adjust_creative=MJG9nGcXziyd-cakMaW14A&utm_campaign=yelp_api_v3&utm_medium=api_v3_business_search&utm_source=MJG9nGcXziyd-cakMaW14A,,Monday: 11:00 AM - 02:00 AM; Tuesday: 11:00 AM - 02:00 AM; Wednesday: 11:00 AM - 02:00 AM; Thursday: 11:00 AM - 02:00 AM; Friday: 11:00 AM - 02:00 AM; Saturday: 10:00 AM - 02:00 AM; Sunday: 10:00 AM - 02:00 AM
Tiki Rock,,2 Broad St,,,,$$,3.4,https://www.yelp.com/biz/tiki-rock-boston-3?adjust_creative=MJG9nGcXziyd-cakMaW14A&utm_campaign=yelp_api_v3&utm_medium=api_v3_business_search&utm_source=MJG9nGcXziyd-cakMaW14A,,Monday: 11:30 AM - 11:00 PM; Tuesday: 11:30 AM - 11:00 PM; Wednesday: 11:30 AM - 11:00 PM; Thursday: 11:30 AM - 01:00 AM; Friday: 11:30 AM - 02:00 AM; Saturday: 11:30 AM - 02:00 AM; Sunday: 11:30 AM - 11:00 PM
Flight Club,,60 Seaport Blvd,,,,,4.1,https://www.yelp.com/biz/flight-club-boston-6?adjust_creative=MJG9nGcXziyd-cakMaW14A&utm_campaign=yelp_api_v3&utm_medium=api_v3_business_search&utm_source=MJG9nGcXziyd-cakMaW14A,,Monday: 12:00 PM - 11:00 PM; Tuesday: 12:00 PM - 11:00 PM; Wednesday: 12:00 PM - 11:00 PM; Thursday: 12:00 PM - 11:00 PM; Friday: 12:00 PM - 01:00 AM; Saturday: 11:00 AM - 01:00 AM; Sunday: 11:00 AM - 09:00 PM
Boqueria Seaport,,25 Thomson Pl,,,,,4.0,https://www.yelp.com/biz/boqueria-seaport-boston?adjust_creative=MJG9nGcXziyd-cakMaW14A&utm_campaign=yelp_api_v3&utm_medium=api_v3_business_search&utm_source=MJG9nGcXziyd-cakMaW14A,,Monday: 11:30 AM - 10:00 PM; Tuesday: 11:30 AM - 10:00 PM; Wednesday: 11:30 AM - 10:00 PM; Thursday: 11:30 AM - 12:00 AM; Friday: 11:30 AM - 12:00 AM; Saturday: 11:00 AM - 12:00 AM; Sunday: 11:00 AM - 10:00 PM
Pinkys Cocktails And Dreams,,269 Newbury St,,,,,4.1,https://www.yelp.com/biz/pinkys-cocktails-and-dreams-boston?adjust_creative=MJG9nGcXziyd-cakMaW14A&utm_campaign=yelp_api_v3&utm_medium=api_v3_business_search&utm_source=MJG9nGcXziyd-cakMaW14A,,Monday: 03:00 PM - 01:00 AM; Tuesday: 03:00 PM - 01:00 AM; Wednesday: 03:00 PM - 01:00 AM; Thursday: 03:00 PM - 01:00 AM; Friday: 03:00 PM - 01:00 AM; Saturday: 11:00 AM - 01:00 AM; Sunday: 11:00 AM - 01:00 AM
Tavern In The Square,,120 Beverly St,,,,$$,3.7,https://www.yelp.com/biz/tavern-in-the-square-boston-4?adjust_creative=MJG9nGcXziyd-cakMaW14A&utm_campaign=yelp_api_v3&utm_medium=api_v3_business_search&utm_source=MJG9nGcXziyd-cakMaW14A,,Monday: 11:30 AM - 01:00 AM; Tuesday: 11:30 AM - 01:00 AM; Wednesday: 11:30 AM - 01:00 AM; Thursday: 11:30 AM - 01:00 AM; Friday: 11:30 AM - 02:00 AM; Saturday: 10:00 AM - 02:00 AM; Sunday: 10:00 AM - 01:00 AM
Union Oyster House,,41 Union St,,,,$$,3.5,https://www.yelp.com/biz/union-oyster-house-boston?adjust_creative=MJG9nGcXziyd-cakMaW14A&utm_campaign=yelp_api_v3&utm_medium=api_v3_business_search&utm_source=MJG9nGcXziyd-cakMaW14A,,Monday: 11:00 AM - 09:00 PM; Tuesday: 11:00 AM - 09:00 PM; Wednesday: 11:00 AM - 09:00 PM; Thursday: 11:00 AM - 09:00 PM; Friday: 11:00 AM - 10:00 PM; Saturday: 11:00 AM - 10:00 PM; Sunday: 11:00 AM - 09:00 PM
SPIN Boston,,30 Melcher St,,,,$$,4.3,https://www.yelp.com/biz/spin-boston-boston?adjust_creative=MJG9nGcXziyd-cakMaW14A&utm_campaign=yelp_api_v3&utm_medium=api_v3_business_search&utm_source=MJG9nGcXziyd-cakMaW14A,,Tuesday: 04:00 PM - 11:00 PM; Wednesday: 04:00 PM - 11:00 PM; Thursday: 04:00 PM - 11:00 PM; Friday: 04:00 PM - 01:00 AM; Saturday: 12:00 PM - 01:00 AM; Sunday: 12:00 PM - 06:00 PM
Sam LaGrassa's,,44 Province St,,,,$$,4.4,https://www.yelp.com/biz/sam-lagrassas-boston-3?adjust_creative=MJG9nGcXziyd-cakMaW14A&utm_campaign=yelp_api_v3&utm_medium=api_v3_business_search&utm_source=MJG9nGcXziyd-cakMaW14A,,Monday: 11:00 AM - 02:00 PM; Tuesday: 11:00 AM - 02:00 PM; Wednesday: 11:00 AM - 02:00 PM; Thursday: 11:00 AM - 02:00 PM; Friday: 11:00 AM - 02:00 PM
Monica's Mercato,,130 Salem St,,,,$$,4.3,https://www.yelp.com/biz/monicas-mercato-boston-3?adjust_creative=MJG9nGcXziyd-cakMaW14A&utm_campaign=yelp_api_v3&utm_medium=api_v3_business_search&utm_source=MJG9nGcXziyd-cakMaW14A,,Monday: 09:30 AM - 08:00 PM; Tuesday: 09:30 AM - 08:00 PM; Wednesday: 09:30 AM - 08:00 PM; Thursday: 09:30 AM - 08:00 PM; Friday: 09:30 AM - 08:00 PM; Saturday: 09:30 AM - 08:00 PM; Sunday: 09:30 AM - 08:00 PM
Archie's New York Deli,,101 Arch St,,,,$,4.6,https://www.yelp.com/biz/archies-new-york-deli-boston?adjust_creative=MJG9nGcXziyd-cakMaW14A&utm_campaign=yelp_api_v3&utm_medium=api_v3_business_search&utm_source=MJG9nGcXziyd-cakMaW14A,,Monday: 05:30 AM - 02:30 PM; Tuesday: 05:30 AM - 02:30 PM; Wednesday: 05:30 AM - 02:30 PM; Thursday: 05:30 AM - 02:30 PM; Friday: 05:30 AM - 02:30 PM
Pauli's,,65 Salem St,,,,$$,4.4,https://www.yelp.com/biz/paulis-boston?adjust_creative=MJG9nGcXziyd-cakMaW14A&utm_campaign=yelp_api_v3&utm_medium=api_v3_business_search&utm_source=MJG9nGcXziyd-cakMaW14A,,Monday: 08:00 AM - 09:00 PM; Tuesday: 08:00 AM - 09:00 PM; Wednesday: 08:00 AM - 09:00 PM; Thursday: 08:00 AM - 09:00 PM; Friday: 08:00 AM - 09:00 PM; Saturday: 08:00 AM - 09:00 PM; Sunday: 09:00 AM - 05:00 PM
Al's State Street Cafe,,114 State St,,,,$,4.3,https://www.yelp.com/biz/als-state-street-cafe-boston?adjust_creative=MJG9nGcXziyd-cakMaW14A&utm_campaign=yelp_api_v3&utm_medium=api_v3_business_search&utm_source=MJG9nGcXziyd-cakMaW14A,,Monday: 10:30 AM - 03:00 PM; Tuesday: 10:30 AM - 03:00 PM; Wednesday: 10:30 AM - 03:00 PM; Thursday: 10:30 AM - 03:00 PM; Friday: 10:30 AM - 03:00 PM; Saturday: 10:30 AM - 04:00 PM
Figaro's,,105 Beach St,,,,$$,4.4,https://www.yelp.com/biz/figaros-boston?adjust_creative=MJG9nGcXziyd-cakMaW14A&utm_campaign=yelp_api_v3&utm_medium=api_v3_business_search&utm_source=MJG9nGcXziyd-cakMaW14A,,Monday: 11:30 AM - 02:00 PM; Tuesday: 11:30 AM - 02:00 PM; Wednesday: 11:30 AM - 02:00 PM; Thursday: 11:30 AM - 02:00 PM; Friday: 11:30 AM - 02:00 PM
Bricco Salumeria and Pasta Shoppe,,11 Board Alley,,,,$$,4.4,https://www.yelp.com/biz/bricco-salumeria-and-pasta-shoppe-boston?adjust_creative=MJG9nGcXziyd-cakMaW14A&utm_campaign=yelp_api_v3&utm_medium=api_v3_business_search&utm_source=MJG9nGcXziyd-cakMaW14A,,Monday: 10:00 AM - 07:00 PM; Tuesday: 10:00 AM - 07:00 PM; Wednesday: 10:00 AM - 07:00 PM; Thursday: 10:00 AM - 07:00 PM; Friday: 10:00 AM - 07:00 PM; Saturday: 10:00 AM - 07:00 PM; Sunday: 10:00 AM - 07:00 PM
Bull Market Deli,,7 Liberty Sq,,,,$,4.0,https://www.yelp.com/biz/bull-market-deli-boston?adjust_creative=MJG9nGcXziyd-cakMaW14A&utm_campaign=yelp_api_v3&utm_medium=api_v3_business_search&utm_source=MJG9nGcXziyd-cakMaW14A,,
J Pace & Son,,1 Park Ln,,,,$,4.2,https://www.yelp.com/biz/j-pace-and-son-boston-5?adjust_creative=MJG9nGcXziyd-cakMaW14A&utm_campaign=yelp_api_v3&utm_medium=api_v3_business_search&utm_source=MJG9nGcXziyd-cakMaW14A,,Monday: 06:00 AM - 07:00 PM; Tuesday: 06:00 AM - 07:00 PM; Wednesday: 06:00 AM - 07:00 PM; Thursday: 06:00 AM - 07:00 PM; Friday: 06:00 AM - 07:00 PM; Saturday: 07:00 AM - 07:00 PM; Sunday: 07:00 AM - 03:00 PM
Mike & Patty's - Bay Village,,12 Church St,,,,$$,4.4,https://www.yelp.com/biz/mike-and-pattys-bay-village-boston?adjust_creative=MJG9nGcXziyd-cakMaW14A&utm_campaign=yelp_api_v3&utm_medium=api_v3_business_search&utm_source=MJG9nGcXziyd-cakMaW14A,,Monday: 07:30 AM - 02:00 PM; Tuesday: 07:30 AM - 02:00 PM; Wednesday: 07:30 AM - 02:00 PM; Thursday: 07:30 AM - 02:00 PM; Friday: 07:30 AM - 02:00 PM; Saturday: 07:30 AM - 02:00 PM; Sunday: 07:30 AM - 02:00 PM
Dino's Cafe,,141 Salem St,,,,$$,4.3,https://www.yelp.com/biz/dinos-cafe-boston-2?adjust_creative=MJG9nGcXziyd-cakMaW14A&utm_campaign=yelp_api_v3&utm_medium=api_v3_business_search&utm_source=MJG9nGcXziyd-cakMaW14A,,Monday: 11:00 AM - 10:00 PM; Tuesday: 11:00 AM - 10:00 PM; Wednesday: 11:00 AM - 10:00 PM; Thursday: 11:00 AM - 10:00 PM; Friday: 11:00 AM - 10:00 PM; Saturday: 11:00 AM - 10:00 PM; Sunday: 11:00 AM - 10:00 PM
American Provisions,,613 E Broadway,,,,$$$,4.6,https://www.yelp.com/biz/american-provisions-south-boston?adjust_creative=MJG9nGcXziyd-cakMaW14A&utm_campaign=yelp_api_v3&utm_medium=api_v3_business_search&utm_source=MJG9nGcXziyd-cakMaW14A,,Monday: 08:00 AM - 06:00 PM; Tuesday: 08:00 AM - 06:00 PM; Wednesday: 08:00 AM - 06:00 PM; Thursday: 08:00 AM - 06:00 PM; Friday: 08:00 AM - 06:00 PM; Saturday: 09:00 AM - 04:00 PM; Sunday: 09:00 AM - 04:00 PM
Max's Deli Cafe,,151 Milk St,,,,$,3.5,https://www.yelp.com/biz/maxs-deli-cafe-boston?adjust_creative=MJG9nGcXziyd-cakMaW14A&utm_campaign=yelp_api_v3&utm_medium=api_v3_business_search&utm_source=MJG9nGcXziyd-cakMaW14A,,Monday: 06:00 AM - 04:00 PM; Tuesday: 06:00 AM - 04:00 PM; Wednesday: 06:00 AM - 04:00 PM; Thursday: 06:00 AM - 04:00 PM; Friday: 06:00 AM - 04:00 PM
Lambert's Marketplace,,140 Tremont St,,,,$,3.6,https://www.yelp.com/biz/lamberts-marketplace-boston-5?adjust_creative=MJG9nGcXziyd-cakMaW14A&utm_campaign=yelp_api_v3&utm_medium=api_v3_business_search&utm_source=MJG9nGcXziyd-cakMaW14A,,Monday: 09:00 AM - 09:00 PM; Tuesday: 09:00 AM - 09:00 PM; Wednesday: 09:00 AM - 09:00 PM; Thursday: 09:00 AM - 09:00 PM; Friday: 09:00 AM - 11:00 PM; Saturday: 09:00 AM - 11:00 PM; Sunday: 11:00 AM - 07:00 PM
Sunny Girl,,252 Commercial St,,,,,4.8,https://www.yelp.com/biz/sunny-girl-boston?adjust_creative=MJG9nGcXziyd-cakMaW14A&utm_campaign=yelp_api_v3&utm_medium=api_v3_business_search&utm_source=MJG9nGcXziyd-cakMaW14A,,Monday: 07:00 AM - 02:00 PM; Tuesday: 07:00 AM - 02:00 PM; Wednesday: 07:00 AM - 02:00 PM; Thursday: 07:00 AM - 02:00 PM; Friday: 07:00 AM - 02:00 PM; Saturday: 07:00 AM - 02:00 PM; Sunday: 07:00 AM - 02:00 PM
Carmella's Market,,86 Cottage St,,,,$,4.7,https://www.yelp.com/biz/carmellas-market-boston?adjust_creative=MJG9nGcXziyd-cakMaW14A&utm_campaign=yelp_api_v3&utm_medium=api_v3_business_search&utm_source=MJG9nGcXziyd-cakMaW14A,,Monday: 08:00 AM - 06:00 PM; Tuesday: 08:00 AM - 06:00 PM; Wednesday: 08:00 AM - 06:00 PM; Thursday: 08:00 AM - 06:00 PM; Friday: 08:00 AM - 06:00 PM; Saturday: 08:00 AM - 06:00 PM; Sunday: 09:00 AM - 03:00 PM
Mamaleh's Delicatessen,,15 Hampshire St,,,,$$,3.8,https://www.yelp.com/biz/mamalehs-delicatessen-cambridge-2?adjust_creative=MJG9nGcXziyd-cakMaW14A&utm_campaign=yelp_api_v3&utm_medium=api_v3_business_search&utm_source=MJG9nGcXziyd-cakMaW14A,,Monday: 08:00 AM - 08:00 PM; Tuesday: 08:00 AM - 08:00 PM; Wednesday: 08:00 AM - 08:00 PM; Thursday: 08:00 AM - 08:00 PM; Friday: 08:00 AM - 08:00 PM; Saturday: 08:00 AM - 08:00 PM; Sunday: 08:00 AM - 08:00 PM
Beantown Pastrami,,100 Hanover St,,,,$$,3.7,https://www.yelp.com/biz/beantown-pastrami-boston?adjust_creative=MJG9nGcXziyd-cakMaW14A&utm_campaign=yelp_api_v3&utm_medium=api_v3_business_search&utm_source=MJG9nGcXziyd-cakMaW14A,,Monday: 09:00 AM - 06:00 PM; Tuesday: 09:00 AM - 06:00 PM; Wednesday: 08:00 AM - 08:00 PM; Thursday: 08:00 AM - 08:00 PM; Friday: 08:00 AM - 08:00 PM; Saturday: 08:00 AM - 08:00 PM; Sunday: 10:00 AM - 06:00 PM
Frank Anthony's Gourmet Market,,9 Fan Pier Blvd,,,,$$,3.7,https://www.yelp.com/biz/frank-anthonys-gourmet-market-boston?adjust_creative=MJG9nGcXziyd-cakMaW14A&utm_campaign=yelp_api_v3&utm_medium=api_v3_business_search&utm_source=MJG9nGcXziyd-cakMaW14A,,Monday: 07:00 AM - 11:00 PM; Tuesday: 07:00 AM - 11:00 PM; Wednesday: 07:00 AM - 11:00 PM; Thursday: 07:00 AM - 11:00 PM; Friday: 07:00 AM - 11:00 PM; Saturday: 07:00 AM - 11:00 PM; Sunday: 08:00 AM - 11:00 PM
Rondo's Sub Shop,,134 W Broadway,,,,$,4.6,https://www.yelp.com/biz/rondos-sub-shop-boston?adjust_creative=MJG9nGcXziyd-cakMaW14A&utm_campaign=yelp_api_v3&utm_medium=api_v3_business_search&utm_source=MJG9nGcXziyd-cakMaW14A,,Monday: 07:00 AM - 06:00 PM; Tuesday: 07:00 AM - 06:00 PM; Wednesday: 07:00 AM - 06:00 PM; Thursday: 07:00 AM - 06:00 PM; Friday: 07:00 AM - 06:00 PM; Saturday: 10:00 AM - 04:00 PM
Nautilus Pier 4,,300 Pier Four Blvd,,,,,4.1,https://www.yelp.com/biz/nautilus-pier-4-boston?adjust_creative=MJG9nGcXziyd-cakMaW14A&utm_campaign=yelp_api_v3&utm_medium=api_v3_business_search&utm_source=MJG9nGcXziyd-cakMaW14A,,Monday: 05:00 PM - 10:00 PM; Tuesday: 05:00 PM - 10:00 PM; Wednesday: 05:00 PM - 11:00 PM; Thursday: 05:00 PM - 11:00 PM; Friday: 05:00 PM - 01:00 AM; Saturday: 12:00 PM - 01:00 AM; Sunday: 05:00 PM - 10:00 PM
Ocean Prime,,140 Seaport Blvd,,,,$$$,4.1,https://www.yelp.com/biz/ocean-prime-boston-2?adjust_creative=MJG9nGcXziyd-cakMaW14A&utm_campaign=yelp_api_v3&utm_medium=api_v3_business_search&utm_source=MJG9nGcXziyd-cakMaW14A,,Monday: 11:30 AM - 10:00 PM; Tuesday: 11:30 AM - 10:00 PM; Wednesday: 11:30 AM - 10:00 PM; Thursday: 11:30 AM - 10:00 PM; Friday: 11:30 AM - 10:00 PM; Saturday: 04:00 PM - 10:00 PM; Sunday: 04:00 PM - 09:00 PM
North Street Grille,,229 North St,,,,$$,4.2,https://www.yelp.com/biz/north-street-grille-boston-2?adjust_creative=MJG9nGcXziyd-cakMaW14A&utm_campaign=yelp_api_v3&utm_medium=api_v3_business_search&utm_source=MJG9nGcXziyd-cakMaW14A,,Monday: 08:00 AM - 04:00 PM; Tuesday: 08:00 AM - 04:00 PM; Wednesday: 08:00 AM - 04:00 PM; Thursday: 08:00 AM - 04:00 PM; Friday: 08:00 AM - 04:00 PM; Saturday: 08:00 AM - 04:00 PM; Sunday: 08:00 AM - 04:00 PM
Joe's Waterfront,,100 Atlantic Ave,,,,$$$,3.2,https://www.yelp.com/biz/joes-waterfront-boston-3?adjust_creative=MJG9nGcXziyd-cakMaW14A&utm_campaign=yelp_api_v3&utm_medium=api_v3_business_search&utm_source=MJG9nGcXziyd-cakMaW14A,,Monday: 11:00 AM - 10:00 PM; Tuesday: 11:00 AM - 10:00 PM; Wednesday: 11:00 AM - 10:00 PM; Thursday: 11:00 AM - 10:00 PM; Friday: 11:00 AM - 11:00 PM; Saturday: 10:00 AM - 11:00 PM; Sunday: 10:00 AM - 10:00 PM
The Red Fox,,326 Commercial St,,,,,3.9,https://www.yelp.com/biz/the-red-fox-boston?adjust_creative=MJG9nGcXziyd-cakMaW14A&utm_campaign=yelp_api_v3&utm_medium=api_v3_business_search&utm_source=MJG9nGcXziyd-cakMaW14A,,Monday: 05:00 PM - 12:00 AM; Tuesday: 05:00 PM - 12:00 AM; Wednesday: 05:00 PM - 12:00 AM; Thursday: 05:00 PM - 12:00 AM; Friday: 05:00 PM - 12:00 AM; Saturday: 05:00 PM - 12:00 AM; Sunday: 05:00 PM - 12:00 AM
Trade,,540 Atlantic Ave,,,,$$$$,3.6,https://www.yelp.com/biz/trade-boston?adjust_creative=MJG9nGcXziyd-cakMaW14A&utm_campaign=yelp_api_v3&utm_medium=api_v3_business_search&utm_source=MJG9nGcXziyd-cakMaW14A,,Tuesday: 11:30 AM - 10:00 PM; Wednesday: 11:30 AM - 10:00 PM; Thursday: 11:30 AM - 10:00 PM; Friday: 11:30 AM - 11:00 PM; Saturday: 04:00 PM - 11:00 PM
Citrus & Salt,,319 A St,,,,$$,3.9,https://www.yelp.com/biz/citrus-and-salt-boston?adjust_creative=MJG9nGcXziyd-cakMaW14A&utm_campaign=yelp_api_v3&utm_medium=api_v3_business_search&utm_source=MJG9nGcXziyd-cakMaW14A,,Monday: 04:00 PM - 11:00 PM; Tuesday: 12:00 PM - 11:00 PM; Wednesday: 12:00 PM - 11:00 PM; Thursday: 12:00 PM - 12:00 AM; Friday: 12:00 PM - 12:00 AM; Saturday: 10:30 AM - 03:00 PM; Saturday: 05:00 PM - 12:00 AM; Sunday: 10:30 AM - 03:00 PM; Sunday: 05:00 PM - 11:00 PM
Backworks Therapeutic Back Center,,34 Batterymarch St,,,,$$,4.3,https://www.yelp.com/biz/backworks-therapeutic-back-center-boston-2?adjust_creative=MJG9nGcXziyd-cakMaW14A&utm_campaign=yelp_api_v3&utm_medium=api_v3_business_search&utm_source=MJG9nGcXziyd-cakMaW14A,,Monday: 10:15 AM - 07:00 PM; Tuesday: 10:15 AM - 07:00 PM; Wednesday: 09:15 AM - 07:00 PM; Thursday: 10:00 AM - 08:00 PM; Friday: 09:15 AM - 08:00 PM; Saturday: 10:00 AM - 05:00 PM
Nebo Cucina & Enoteca,,520 Atlantic Ave,,,,$$,3.4,https://www.yelp.com/biz/nebo-cucina-and-enoteca-boston?adjust_creative=MJG9nGcXziyd-cakMaW14A&utm_campaign=yelp_api_v3&utm_medium=api_v3_business_search&utm_source=MJG9nGcXziyd-cakMaW14A,,Monday: 11:30 AM - 10:00 PM; Tuesday: 11:30 AM - 10:30 PM; Wednesday: 11:30 AM - 10:30 PM; Thursday: 11:30 AM - 10:30 PM; Friday: 11:30 AM - 11:00 PM; Saturday: 12:00 PM - 11:00 PM
Mooo Seaport,,49 Melcher St,,,,,4.4,https://www.yelp.com/biz/mooo-seaport-boston-3?adjust_creative=MJG9nGcXziyd-cakMaW14A&utm_campaign=yelp_api_v3&utm_medium=api_v3_business_search&utm_source=MJG9nGcXziyd-cakMaW14A,,Monday: 05:30 PM - 09:00 PM; Tuesday: 05:30 PM - 09:00 PM; Wednesday: 05:30 PM - 09:00 PM; Thursday: 05:30 PM - 09:00 PM; Friday: 05:30 PM - 10:00 PM; Saturday: 05:30 PM - 10:00 PM; Sunday: 05:30 PM - 08:30 PM
Mare,,223 Hanover St,,,,$$$,3.8,https://www.yelp.com/biz/mare-boston-3?adjust_creative=MJG9nGcXziyd-cakMaW14A&utm_campaign=yelp_api_v3&utm_medium=api_v3_business_search&utm_source=MJG9nGcXziyd-cakMaW14A,,Monday: 05:00 PM - 11:00 PM; Tuesday: 05:00 PM - 11:00 PM; Wednesday: 05:00 PM - 11:00 PM; Thursday: 05:00 PM - 11:00 PM; Friday: 04:00 PM - 11:00 PM; Saturday: 04:00 PM - 11:00 PM; Sunday: 04:00 PM - 11:00 PM
Davio's Northern Italian Steakhouse - Seaport,,26 Fan Pier,,,,$$$,3.6,https://www.yelp.com/biz/davios-northern-italian-steakhouse-seaport-boston?adjust_creative=MJG9nGcXziyd-cakMaW14A&utm_campaign=yelp_api_v3&utm_medium=api_v3_business_search&utm_source=MJG9nGcXziyd-cakMaW14A,,Monday: 11:30 AM - 10:00 PM; Tuesday: 11:30 AM - 10:00 PM; Wednesday: 11:30 AM - 10:00 PM; Thursday: 11:30 AM - 11:00 PM; Friday: 11:30 AM - 11:00 PM; Saturday: 11:30 AM - 11:00 PM; Sunday: 11:00 AM - 10:00 PM
Strega Italiano - Seaport,,One Marina Park Dr,,,,$$$,3.4,https://www.yelp.com/biz/strega-italiano-seaport-boston-2?adjust_creative=MJG9nGcXziyd-cakMaW14A&utm_campaign=yelp_api_v3&utm_medium=api_v3_business_search&utm_source=MJG9nGcXziyd-cakMaW14A,,Monday: 04:00 PM - 10:00 PM; Tuesday: 04:00 PM - 10:00 PM; Wednesday: 04:00 PM - 10:00 PM; Thursday: 04:00 PM - 10:00 PM; Friday: 04:00 PM - 11:00 PM; Saturday: 04:00 PM - 11:00 PM; Sunday: 04:00 PM - 10:00 PM
The Dubliner,,2 Center Plz,,,,$$,4.1,https://www.yelp.com/biz/the-dubliner-boston-3?adjust_creative=MJG9nGcXziyd-cakMaW14A&utm_campaign=yelp_api_v3&utm_medium=api_v3_business_search&utm_source=MJG9nGcXziyd-cakMaW14A,,Monday: 11:00 AM - 02:00 AM; Tuesday: 11:00 AM - 02:00 AM; Wednesday: 11:00 AM - 02:00 AM; Thursday: 11:00 AM - 02:00 AM; Friday: 11:00 AM - 02:00 AM; Saturday: 10:00 AM - 02:00 AM; Sunday: 10:00 AM - 02:00 AM
Antico Forno,,93 Salem St,,,,$$,3.8,https://www.yelp.com/biz/antico-forno-boston-4?adjust_creative=MJG9nGcXziyd-cakMaW14A&utm_campaign=yelp_api_v3&utm_medium=api_v3_business_search&utm_source=MJG9nGcXziyd-cakMaW14A,,Monday: 11:30 AM - 10:00 PM; Tuesday: 11:30 AM - 10:00 PM; Wednesday: 11:30 AM - 10:00 PM; Thursday: 11:30 AM - 10:00 PM; Friday: 11:30 AM - 10:30 PM; Saturday: 11:30 AM - 10:30 PM; Sunday: 11:30 AM - 10:00 PM
SAVR,,150 Seaport Blvd,,,,$$$,4.2,https://www.yelp.com/biz/savr-boston?adjust_creative=MJG9nGcXziyd-cakMaW14A&utm_campaign=yelp_api_v3&utm_medium=api_v3_business_search&utm_source=MJG9nGcXziyd-cakMaW14A,,Monday: 11:00 AM - 11:00 PM; Tuesday: 11:00 AM - 11:00 PM; Wednesday: 11:00 AM - 11:00 PM; Thursday: 11:00 AM - 11:00 PM; Friday: 11:00 AM - 11:00 PM; Saturday: 11:00 AM - 11:00 PM; Sunday: 11:00 AM - 11:00 PM
Bootleg Special,,400 Tremont St,,,,$$,4.0,https://www.yelp.com/biz/bootleg-special-boston?adjust_creative=MJG9nGcXziyd-cakMaW14A&utm_campaign=yelp_api_v3&utm_medium=api_v3_business_search&utm_source=MJG9nGcXziyd-cakMaW14A,,Monday: 05:00 PM - 10:00 PM; Tuesday: 05:00 PM - 10:00 PM; Wednesday: 05:00 PM - 10:00 PM; Thursday: 05:00 PM - 10:00 PM; Friday: 05:00 PM - 01:00 AM; Saturday: 11:00 AM - 01:00 AM; Sunday: 11:00 AM - 10:00 PM
Granary Tavern,,170 Milk St,,,,$$,3.5,https://www.yelp.com/biz/granary-tavern-boston?adjust_creative=MJG9nGcXziyd-cakMaW14A&utm_campaign=yelp_api_v3&utm_medium=api_v3_business_search&utm_source=MJG9nGcXziyd-cakMaW14A,,Monday: 11:00 AM - 10:00 PM; Tuesday: 11:00 AM - 10:00 PM; Wednesday: 11:00 AM - 10:00 PM; Thursday: 11:00 AM - 10:00 PM; Friday: 11:00 AM - 12:00 AM; Saturday: 10:00 AM - 12:00 AM; Sunday: 10:00 AM - 10:00 PM
Legal Sea Foods - Long Wharf,,255 State St,,,,$$$,3.6,https://www.yelp.com/biz/legal-sea-foods-long-wharf-boston-9?adjust_creative=MJG9nGcXziyd-cakMaW14A&utm_campaign=yelp_api_v3&utm_medium=api_v3_business_search&utm_source=MJG9nGcXziyd-cakMaW14A,,Monday: 11:00 AM - 10:00 PM; Tuesday: 11:00 AM - 10:00 PM; Wednesday: 11:00 AM - 10:00 PM; Thursday: 11:00 AM - 10:00 PM; Friday: 11:00 AM - 11:00 PM; Saturday: 11:00 AM - 11:00 PM; Sunday: 11:00 AM - 10:00 PM
CAVA,,669 Boylston St,,,,$$,4.1,https://www.yelp.com/biz/cava-boston-10?adjust_creative=MJG9nGcXziyd-cakMaW14A&utm_campaign=yelp_api_v3&utm_medium=api_v3_business_search&utm_source=MJG9nGcXziyd-cakMaW14A,,Monday: 10:45 AM - 10:00 PM; Tuesday: 10:45 AM - 10:00 PM; Wednesday: 10:45 AM - 10:00 PM; Thursday: 10:45 AM - 10:00 PM; Friday: 10:45 AM - 10:00 PM; Saturday: 10:45 AM - 10:00 PM; Sunday: 10:45 AM - 10:00 PM
CAVA,,125 Summer St,,,,,4.0,https://www.yelp.com/biz/cava-boston-12?adjust_creative=MJG9nGcXziyd-cakMaW14A&utm_campaign=yelp_api_v3&utm_medium=api_v3_business_search&utm_source=MJG9nGcXziyd-cakMaW14A,,Monday: 10:45 AM - 10:00 PM; Tuesday: 10:45 AM - 10:00 PM; Wednesday: 10:45 AM - 10:00 PM; Thursday: 10:45 AM - 10:00 PM; Friday: 10:45 AM - 10:00 PM; Saturday: 10:45 AM - 10:00 PM; Sunday: 10:45 AM - 10:00 PM
CAVA,,1346 Boylston St,,,,$$,4.4,https://www.yelp.com/biz/cava-boston-4?adjust_creative=MJG9nGcXziyd-cakMaW14A&utm_campaign=yelp_api_v3&utm_medium=api_v3_business_search&utm_source=MJG9nGcXziyd-cakMaW14A,,Monday: 10:45 AM - 10:00 PM; Tuesday: 10:45 AM - 10:00 PM; Wednesday: 10:45 AM - 10:00 PM; Thursday: 10:45 AM - 10:00 PM; Friday: 10:45 AM - 10:00 PM; Saturday: 10:45 AM - 10:00 PM; Sunday: 10:45 AM - 10:00 PM
CAVA,,82 Ames St,,,,,4.1,https://www.yelp.com/biz/cava-cambridge?adjust_creative=MJG9nGcXziyd-cakMaW14A&utm_campaign=yelp_api_v3&utm_medium=api_v3_business_search&utm_source=MJG9nGcXziyd-cakMaW14A,,Monday: 10:45 AM - 10:00 PM; Tuesday: 10:45 AM - 10:00 PM; Wednesday: 10:45 AM - 10:00 PM; Thursday: 10:45 AM - 10:00 PM; Friday: 10:45 AM - 10:00 PM; Saturday: 10:45 AM - 10:00 PM; Sunday: 10:45 AM - 10:00 PM
CAVA,,22 Brattle St,,,,,3.6,https://www.yelp.com/biz/cava-cambridge-3?adjust_creative=MJG9nGcXziyd-cakMaW14A&utm_campaign=yelp_api_v3&utm_medium=api_v3_business_search&utm_source=MJG9nGcXziyd-cakMaW14A,,Monday: 10:45 AM - 10:00 PM; Tuesday: 10:45 AM - 10:00 PM; Wednesday: 10:45 AM - 10:00 PM; Thursday: 10:45 AM - 10:00 PM; Friday: 10:45 AM - 10:00 PM; Saturday: 10:45 AM - 10:00 PM; Sunday: 10:45 AM - 10:00 PM
CAVA,,800 Boylston St,,,,,3.6,https://www.yelp.com/biz/cava-boston-11?adjust_creative=MJG9nGcXziyd-cakMaW14A&utm_campaign=yelp_api_v3&utm_medium=api_v3_business_search&utm_source=MJG9nGcXziyd-cakMaW14A,,Monday: 10:45 AM - 09:00 PM; Tuesday: 10:45 AM - 09:00 PM; Wednesday: 10:45 AM - 09:00 PM; Thursday: 10:45 AM - 09:00 PM; Friday: 10:45 AM - 09:00 PM; Saturday: 10:45 AM - 09:00 PM; Sunday: 10:45 AM - 09:00 PM
Cafe Landwer,,653 Boylston St,,,,$$,3.8,https://www.yelp.com/biz/cafe-landwer-boston-3?adjust_creative=MJG9nGcXziyd-cakMaW14A&utm_campaign=yelp_api_v3&utm_medium=api_v3_business_search&utm_source=MJG9nGcXziyd-cakMaW14A,,Monday: 08:00 AM - 09:30 PM; Tuesday: 08:00 AM - 09:30 PM; Wednesday: 08:00 AM - 09:30 PM; Thursday: 08:00 AM - 09:30 PM; Friday: 08:00 AM - 09:30 PM; Saturday: 08:00 AM - 09:30 PM; Sunday: 08:00 AM - 09:30 PM
Mistral,,223 Columbus Ave,,,,$$$$,4.2,https://www.yelp.com/biz/mistral-boston?adjust_creative=MJG9nGcXziyd-cakMaW14A&utm_campaign=yelp_api_v3&utm_medium=api_v3_business_search&utm_source=MJG9nGcXziyd-cakMaW14A,,Monday: 05:30 PM - 09:00 PM; Tuesday: 05:30 PM - 09:00 PM; Wednesday: 05:30 PM - 09:00 PM; Thursday: 05:30 PM - 09:00 PM; Friday: 05:30 PM - 09:30 PM; Saturday: 05:30 PM - 09:30 PM; Sunday: 05:30 PM - 08:30 PM
Mo'Rockin Fusion,,100 Hanover St,,,,$,4.8,https://www.yelp.com/biz/morockin-fusion-boston?adjust_creative=MJG9nGcXziyd-cakMaW14A&utm_campaign=yelp_api_v3&utm_medium=api_v3_business_search&utm_source=MJG9nGcXziyd-cakMaW14A,,Monday: 11:00 AM - 05:30 PM; Tuesday: 11:00 AM - 05:30 PM; Wednesday: 11:00 AM - 07:30 PM; Thursday: 11:00 AM - 07:30 PM; Friday: 11:00 AM - 07:30 PM; Saturday: 11:00 AM - 07:30 PM; Sunday: 11:00 AM - 05:30 PM
New York S------a G--s,,83 Canal St,,,,,4.4,https://www.yelp.com/biz/new-york-s-a-g-s-boston-2?adjust_creative=MJG9nGcXziyd-cakMaW14A&utm_campaign=yelp_api_v3&utm_medium=api_v3_business_search&utm_source=MJG9nGcXziyd-cakMaW14A,,Monday: 11:00 AM - 11:00 PM; Tuesday: 11:00 AM - 11:00 PM; Wednesday: 11:00 AM - 11:00 PM; Thursday: 11:00 AM - 11:00 PM; Friday: 11:00 AM - 11:00 PM; Saturday: 11:00 AM - 11:00 PM; Sunday: 11:00 AM - 11:00 PM
Chicken & Rice Guys,,280 Washington St,,,,$,4.1,https://www.yelp.com/biz/chicken-and-rice-guys-boston-3?adjust_creative=MJG9nGcXziyd-cakMaW14A&utm_campaign=yelp_api_v3&utm_medium=api_v3_business_search&utm_source=MJG9nGcXziyd-cakMaW14A,,Monday: 10:30 AM - 08:00 PM; Tuesday: 10:30 AM - 08:00 PM; Wednesday: 10:30 AM - 08:00 PM; Thursday: 10:30 AM - 08:00 PM; Friday: 10:30 AM - 08:00 PM; Saturday: 10:30 AM - 08:00 PM; Sunday: 11:00 AM - 06:00 PM
Mirabella Pool,,Commercial St,,,,,4.1,https://www.yelp.com/biz/mirabella-pool-boston?adjust_creative=MJG9nGcXziyd-cakMaW14A&utm_campaign=yelp_api_v3&utm_medium=api_v3_business_search&utm_source=MJG9nGcXziyd-cakMaW14A,,
Castle Island Beach,,2010 William J Day Blvd,,,,,4.4,https://www.yelp.com/biz/castle-island-beach-boston?adjust_creative=MJG9nGcXziyd-cakMaW14A&utm_campaign=yelp_api_v3&utm_medium=api_v3_business_search&utm_source=MJG9nGcXziyd-cakMaW14A,,
Wave Health & Fitness,,1 Seaport Ln,,,,,3.6,https://www.yelp.com/biz/wave-health-and-fitness-boston?adjust_creative=MJG9nGcXziyd-cakMaW14A&utm_campaign=yelp_api_v3&utm_medium=api_v3_business_search&utm_source=MJG9nGcXziyd-cakMaW14A,,Monday: 05:00 AM - 09:00 PM; Tuesday: 05:00 AM - 09:00 PM; Wednesday: 05:00 AM - 09:00 PM; Thursday: 05:00 AM - 09:00 PM; Friday: 05:00 AM - 09:00 PM; Saturday: 07:00 AM - 08:00 PM; Sunday: 07:00 AM - 08:00 PM
Magazine Beach Bath House & Pool,,719 Memorial Dr,,,,,4.5,https://www.yelp.com/biz/magazine-beach-bath-house-and-pool-cambridge-2?adjust_creative=MJG9nGcXziyd-cakMaW14A&utm_campaign=yelp_api_v3&utm_medium=api_v3_business_search&utm_source=MJG9nGcXziyd-cakMaW14A,,Monday: 11:00 AM - 07:00 PM; Tuesday: 11:00 AM - 07:00 PM; Wednesday: 11:00 AM - 07:00 PM; Thursday: 11:00 AM - 07:00 PM; Friday: 11:00 AM - 07:00 PM; Saturday: 11:00 AM - 07:00 PM; Sunday: 11:00 AM - 07:00 PM
The University Club of Boston,,426 Stuart St,,,,,3.7,https://www.yelp.com/biz/the-university-club-of-boston-boston?adjust_creative=MJG9nGcXziyd-cakMaW14A&utm_campaign=yelp_api_v3&utm_medium=api_v3_business_search&utm_source=MJG9nGcXziyd-cakMaW14A,,
Rowes Wharf Health Club and Spa,,70 Rowes Wharf,,,,$$$,2.3,https://www.yelp.com/biz/rowes-wharf-health-club-and-spa-boston?adjust_creative=MJG9nGcXziyd-cakMaW14A&utm_campaign=yelp_api_v3&utm_medium=api_v3_business_search&utm_source=MJG9nGcXziyd-cakMaW14A,,Monday: 05:30 AM - 09:00 PM; Tuesday: 05:30 AM - 09:00 PM; Wednesday: 05:30 AM - 09:00 PM; Thursday: 05:30 AM - 09:00 PM; Friday: 05:30 AM - 09:00 PM; Saturday: 07:00 AM - 09:00 PM; Sunday: 07:00 AM - 08:00 PM
Wang YMCA of Chinatown,,8 Oak St W,,,,,3.4,https://www.yelp.com/biz/wang-ymca-of-chinatown-boston-2?adjust_creative=MJG9nGcXziyd-cakMaW14A&utm_campaign=yelp_api_v3&utm_medium=api_v3_business_search&utm_source=MJG9nGcXziyd-cakMaW14A,,Monday: 06:00 AM - 08:00 PM; Tuesday: 06:00 AM - 08:00 PM; Wednesday: 06:00 AM - 08:00 PM; Thursday: 06:00 AM - 08:00 PM; Friday: 06:00 AM - 09:00 PM; Saturday: 07:00 AM - 05:00 PM; Sunday: 09:00 AM - 05:00 PM
Boston Harbor Islands,,191W Atlantic Ave,,,,,4.5,https://www.yelp.com/biz/boston-harbor-islands-boston?adjust_creative=MJG9nGcXziyd-cakMaW14A&utm_campaign=yelp_api_v3&utm_medium=api_v3_business_search&utm_source=MJG9nGcXziyd-cakMaW14A,,Monday: 09:00 AM - 05:00 PM; Tuesday: 09:00 AM - 05:00 PM; Wednesday: 09:00 AM - 05:00 PM; Thursday: 09:00 AM - 05:00 PM; Friday: 09:00 AM - 05:00 PM; Saturday: 09:00 AM - 05:00 PM; Sunday: 09:00 AM - 05:00 PM
Gold Star Pool,,123 Berkshire St,,,,,4.1,https://www.yelp.com/biz/gold-star-pool-cambridge?adjust_creative=MJG9nGcXziyd-cakMaW14A&utm_campaign=yelp_api_v3&utm_medium=api_v3_business_search&utm_source=MJG9nGcXziyd-cakMaW14A,,Monday: 03:00 PM - 07:00 PM; Tuesday: 03:00 PM - 07:00 PM; Wednesday: 03:00 PM - 07:00 PM; Thursday: 03:00 PM - 07:00 PM; Friday: 03:00 PM - 07:00 PM; Saturday: 11:00 AM - 07:00 PM; Sunday: 11:00 AM - 07:00 PM
Carson Beach,,William J Day Blvd,,,,,3.2,https://www.yelp.com/biz/carson-beach-boston-2?adjust_creative=MJG9nGcXziyd-cakMaW14A&utm_campaign=yelp_api_v3&utm_medium=api_v3_business_search&utm_source=MJG9nGcXziyd-cakMaW14A,,
Spectacle Island,,15 State St,,,,,4.0,https://www.yelp.com/biz/spectacle-island-boston?adjust_creative=MJG9nGcXziyd-cakMaW14A&utm_campaign=yelp_api_v3&utm_medium=api_v3_business_search&utm_source=MJG9nGcXziyd-cakMaW14A,,
Reilly Memorial Swimming Pool,,355 Chestnut Hill Ave,,,,,4.0,https://www.yelp.com/biz/reilly-memorial-swimming-pool-brighton?adjust_creative=MJG9nGcXziyd-cakMaW14A&utm_campaign=yelp_api_v3&utm_medium=api_v3_business_search&utm_source=MJG9nGcXziyd-cakMaW14A,,Monday: 11:00 AM - 07:00 PM; Tuesday: 11:00 AM - 07:00 PM; Wednesday: 11:00 AM - 07:00 PM; Thursday: 11:00 AM - 07:00 PM; Friday: 11:00 AM - 07:00 PM; Saturday: 11:00 AM - 07:00 PM; Sunday: 11:00 AM - 07:00 PM
Dilboy Memorial Swimming and Wading Pool,,110 Alewife Brook Parkway,,,,,4.1,https://www.yelp.com/biz/dilboy-memorial-swimming-and-wading-pool-somerville?adjust_creative=MJG9nGcXziyd-cakMaW14A&utm_campaign=yelp_api_v3&utm_medium=api_v3_business_search&utm_source=MJG9nGcXziyd-cakMaW14A,,
Vietnam Veterans Pool,,184 Carter St,,,,,3.0,https://www.yelp.com/biz/vietnam-veterans-pool-chelsea?adjust_creative=MJG9nGcXziyd-cakMaW14A&utm_campaign=yelp_api_v3&utm_medium=api_v3_business_search&utm_source=MJG9nGcXziyd-cakMaW14A,,
Spy Pond,,Pond Ln,,,,,4.3,https://www.yelp.com/biz/spy-pond-arlington?adjust_creative=MJG9nGcXziyd-cakMaW14A&utm_campaign=yelp_api_v3&utm_medium=api_v3_business_search&utm_source=MJG9nGcXziyd-cakMaW14A,,
Huntington Avenue YMCA,,316 Huntington Ave,,,,,3.5,https://www.yelp.com/biz/huntington-avenue-ymca-boston-4?adjust_creative=MJG9nGcXziyd-cakMaW14A&utm_campaign=yelp_api_v3&utm_medium=api_v3_business_search&utm_source=MJG9nGcXziyd-cakMaW14A,,Monday: 06:00 AM - 11:00 PM; Tuesday: 06:00 AM - 11:00 PM; Wednesday: 06:00 AM - 11:00 PM; Thursday: 06:00 AM - 11:00 PM; Friday: 06:00 AM - 09:00 PM; Saturday: 07:00 AM - 06:00 PM; Sunday: 08:00 AM - 05:00 PM
Constitution Beach,,799 Bennington St,,,,,3.8,https://www.yelp.com/biz/constitution-beach-boston?adjust_creative=MJG9nGcXziyd-cakMaW14A&utm_campaign=yelp_api_v3&utm_medium=api_v3_business_search&utm_source=MJG9nGcXziyd-cakMaW14A,,
MIT Recreation,,120 Vassar St,,,,,3.6,https://www.yelp.com/biz/mit-recreation-cambridge-2?adjust_creative=MJG9nGcXziyd-cakMaW14A&utm_campaign=yelp_api_v3&utm_medium=api_v3_business_search&utm_source=MJG9nGcXziyd-cakMaW14A,,Monday: 06:00 AM - 11:00 PM; Tuesday: 06:00 AM - 11:00 PM; Wednesday: 06:00 AM - 11:00 PM; Thursday: 06:00 AM - 11:00 PM; Friday: 06:00 AM - 11:00 PM; Saturday: 07:00 AM - 09:00 PM; Sunday: 09:00 AM - 11:00 PM
The Clubs At Charles River Park,,10 Whittier Pl,,,,,3.0,https://www.yelp.com/biz/the-clubs-at-charles-river-park-boston?adjust_creative=MJG9nGcXziyd-cakMaW14A&utm_campaign=yelp_api_v3&utm_medium=api_v3_business_search&utm_source=MJG9nGcXziyd-cakMaW14A,,Monday: 05:30 AM - 09:00 PM; Tuesday: 05:30 AM - 09:00 PM; Wednesday: 05:30 AM - 09:00 PM; Thursday: 05:30 AM - 09:00 PM; Friday: 05:30 AM - 07:15 PM; Saturday: 08:00 AM - 06:00 PM; Sunday: 08:00 AM - 06:00 PM
British Swim School at SE Fitness Center - City of Boston,,785 Albany St,,,,,0.0,https://www.yelp.com/biz/british-swim-school-at-se-fitness-center-boston-boston?adjust_creative=MJG9nGcXziyd-cakMaW14A&utm_campaign=yelp_api_v3&utm_medium=api_v3_business_search&utm_source=MJG9nGcXziyd-cakMaW14A,,Monday: 09:00 AM - 04:00 PM; Tuesday: 09:00 AM - 04:00 PM; Wednesday: 09:00 AM - 04:00 PM; Thursday: 09:00 AM - 04:00 PM; Friday: 09:00 AM - 04:00 PM
K-Beauty,,82 Essex St,,,,,4.7,https://www.yelp.com/biz/k-beauty-boston-2?adjust_creative=MJG9nGcXziyd-cakMaW14A&utm_campaign=yelp_api_v3&utm_medium=api_v3_business_search&utm_source=MJG9nGcXziyd-cakMaW14A,,Tuesday: 10:30 AM - 07:00 PM; Wednesday: 10:30 AM - 07:00 PM; Thursday: 10:30 AM - 07:00 PM; Friday: 10:30 AM - 07:00 PM; Saturday: 10:00 AM - 07:00 PM; Sunday: 10:00 AM - 07:00 PM
RelaxSation Massage Therapy & Nails,,25 Kingston St,,,,$$,4.2,https://www.yelp.com/biz/relaxsation-massage-therapy-and-nails-boston?adjust_creative=MJG9nGcXziyd-cakMaW14A&utm_campaign=yelp_api_v3&utm_medium=api_v3_business_search&utm_source=MJG9nGcXziyd-cakMaW14A,,Monday: 10:30 AM - 07:00 PM; Tuesday: 10:30 AM - 07:00 PM; Wednesday: 10:30 AM - 07:00 PM; Thursday: 10:30 AM - 07:00 PM; Friday: 10:30 AM - 07:00 PM; Saturday: 10:30 AM - 07:00 PM; Sunday: 11:30 AM - 06:00 PM
South Street Nails & Spa,,100 South St,,,,$$,3.9,https://www.yelp.com/biz/south-street-nails-and-spa-boston?adjust_creative=MJG9nGcXziyd-cakMaW14A&utm_campaign=yelp_api_v3&utm_medium=api_v3_business_search&utm_source=MJG9nGcXziyd-cakMaW14A,,Monday: 09:00 AM - 08:00 PM; Tuesday: 09:00 AM - 08:00 PM; Wednesday: 09:00 AM - 08:00 PM; Thursday: 09:00 AM - 08:00 PM; Friday: 09:00 AM - 08:00 PM; Saturday: 09:00 AM - 06:00 PM
Downtown Nails & Spa,,16 Temple Pl,,,,,4.0,https://www.yelp.com/biz/downtown-nails-and-spa-boston?adjust_creative=MJG9nGcXziyd-cakMaW14A&utm_campaign=yelp_api_v3&utm_medium=api_v3_business_search&utm_source=MJG9nGcXziyd-cakMaW14A,,Monday: 09:30 AM - 07:00 PM; Tuesday: 09:30 AM - 07:00 PM; Wednesday: 09:30 AM - 07:00 PM; Thursday: 09:30 AM - 07:00 PM; Friday: 09:30 AM - 07:00 PM; Saturday: 09:30 AM - 07:00 PM; Sunday: 10:30 AM - 06:00 PM
Secret's Spa & Nail Salon,,100 Prince St,,,,$$,4.1,https://www.yelp.com/biz/secrets-spa-and-nail-salon-boston?adjust_creative=MJG9nGcXziyd-cakMaW14A&utm_campaign=yelp_api_v3&utm_medium=api_v3_business_search&utm_source=MJG9nGcXziyd-cakMaW14A,,Monday: 10:00 AM - 08:00 PM; Tuesday: 10:00 AM - 08:00 PM; Wednesday: 10:00 AM - 08:00 PM; Thursday: 10:00 AM - 08:00 PM; Friday: 10:00 AM - 08:00 PM; Saturday: 10:00 AM - 08:00 PM; Sunday: 11:00 AM - 05:00 PM
Mini's Style,,149 Pearl St,,,,$$,3.9,https://www.yelp.com/biz/minis-style-boston?adjust_creative=MJG9nGcXziyd-cakMaW14A&utm_campaign=yelp_api_v3&utm_medium=api_v3_business_search&utm_source=MJG9nGcXziyd-cakMaW14A,,Monday: 10:00 AM - 03:00 PM; Tuesday: 07:00 AM - 07:00 PM; Wednesday: 07:00 AM - 07:00 PM; Thursday: 07:00 AM - 07:00 PM; Friday: 07:00 AM - 07:00 PM
She She Nail Studio,,215 Hanover St,,,,,5.0,https://www.yelp.com/biz/she-she-nail-studio-boston?adjust_creative=MJG9nGcXziyd-cakMaW14A&utm_campaign=yelp_api_v3&utm_medium=api_v3_business_search&utm_source=MJG9nGcXziyd-cakMaW14A,,Monday: 09:00 AM - 08:00 PM; Tuesday: 09:00 AM - 08:00 PM; Wednesday: 09:00 AM - 08:00 PM; Thursday: 09:00 AM - 08:00 PM; Friday: 09:00 AM - 08:00 PM; Saturday: 09:00 AM - 08:00 PM; Sunday: 09:00 AM - 08:00 PM
Kelly's Beauty,,101 Arch St,,,,$$,4.8,https://www.yelp.com/biz/kellys-beauty-boston-6?adjust_creative=MJG9nGcXziyd-cakMaW14A&utm_campaign=yelp_api_v3&utm_medium=api_v3_business_search&utm_source=MJG9nGcXziyd-cakMaW14A,,Monday: 10:00 AM - 06:00 PM; Tuesday: 10:00 AM - 06:00 PM; Wednesday: 10:00 AM - 06:00 PM; Thursday: 10:00 AM - 06:00 PM; Friday: 10:00 AM - 06:00 PM; Saturday: 09:30 AM - 05:30 PM; Sunday: 09:30 AM - 05:30 PM
Sky Nail & Spa,,447 W Broadway,,,,$,3.8,https://www.yelp.com/biz/sky-nail-and-spa-boston?adjust_creative=MJG9nGcXziyd-cakMaW14A&utm_campaign=yelp_api_v3&utm_medium=api_v3_business_search&utm_source=MJG9nGcXziyd-cakMaW14A,,Monday: 10:00 AM - 08:00 PM; Tuesday: 10:00 AM - 08:00 PM; Wednesday: 10:00 AM - 08:00 PM; Thursday: 10:00 AM - 08:00 PM; Friday: 10:00 AM - 08:00 PM; Saturday: 10:00 AM - 07:00 PM; Sunday: 11:00 AM - 05:00 PM
Town’s Nails & Skin Salon,,99 Charles St,,,,$$,4.1,https://www.yelp.com/biz/town-s-nails-and-skin-salon-boston?adjust_creative=MJG9nGcXziyd-cakMaW14A&utm_campaign=yelp_api_v3&utm_medium=api_v3_business_search&utm_source=MJG9nGcXziyd-cakMaW14A,,Monday: 09:00 AM - 07:00 PM; Tuesday: 09:00 AM - 07:00 PM; Wednesday: 09:00 AM - 07:00 PM; Thursday: 09:00 AM - 07:00 PM; Friday: 09:00 AM - 07:00 PM; Saturday: 09:00 AM - 07:00 PM; Sunday: 10:00 AM - 06:00 PM
Treasured Hands Nail & Beauty Salon,,715 Boylston St,,,,$$$$,4.1,https://www.yelp.com/biz/treasured-hands-nail-and-beauty-salon-boston-3?adjust_creative=MJG9nGcXziyd-cakMaW14A&utm_campaign=yelp_api_v3&utm_medium=api_v3_business_search&utm_source=MJG9nGcXziyd-cakMaW14A,,Monday: 10:00 AM - 07:00 PM; Tuesday: 10:00 AM - 07:00 PM; Wednesday: 10:00 AM - 07:00 PM; Thursday: 10:00 AM - 07:00 PM; Friday: 10:00 AM - 07:00 PM; Saturday: 10:00 AM - 06:00 PM; Sunday: 11:00 AM - 05:00 PM
PS Nails & Spa,,34 Gloucester St,,,,$$,3.9,https://www.yelp.com/biz/ps-nails-and-spa-boston-2?adjust_creative=MJG9nGcXziyd-cakMaW14A&utm_campaign=yelp_api_v3&utm_medium=api_v3_business_search&utm_source=MJG9nGcXziyd-cakMaW14A,,Monday: 09:30 AM - 07:00 PM; Tuesday: 09:30 AM - 07:00 PM; Wednesday: 09:30 AM - 07:00 PM; Thursday: 09:30 AM - 07:00 PM; Friday: 09:30 AM - 07:00 PM; Saturday: 09:30 AM - 06:00 PM; Sunday: 10:00 AM - 05:30 PM
MiniLuxe Seaport,,81 Seaport Blvd,,,,$$$,3.2,https://www.yelp.com/biz/miniluxe-seaport-boston?adjust_creative=MJG9nGcXziyd-cakMaW14A&utm_campaign=yelp_api_v3&utm_medium=api_v3_business_search&utm_source=MJG9nGcXziyd-cakMaW14A,,Monday: 08:00 AM - 07:00 PM; Tuesday: 08:00 AM - 07:00 PM; Wednesday: 08:00 AM - 07:00 PM; Thursday: 08:00 AM - 07:00 PM; Friday: 08:00 AM - 07:00 PM; Saturday: 08:00 AM - 05:00 PM; Sunday: 09:00 AM - 05:00 PM
La Belle Nail Salon,,32 Boylston St,,,,$$,3.8,https://www.yelp.com/biz/la-belle-nail-salon-boston-2?adjust_creative=MJG9nGcXziyd-cakMaW14A&utm_campaign=yelp_api_v3&utm_medium=api_v3_business_search&utm_source=MJG9nGcXziyd-cakMaW14A,,Monday: 10:00 AM - 07:00 PM; Tuesday: 10:00 AM - 07:00 PM; Wednesday: 10:00 AM - 07:00 PM; Thursday: 10:00 AM - 07:00 PM; Friday: 10:00 AM - 07:00 PM; Saturday: 10:00 AM - 06:00 PM; Sunday: 11:00 AM - 05:00 PM
Boston's Nails & Spa,,665 Boylston St,,,,$$$,4.1,https://www.yelp.com/biz/bostons-nails-and-spa-boston?adjust_creative=MJG9nGcXziyd-cakMaW14A&utm_campaign=yelp_api_v3&utm_medium=api_v3_business_search&utm_source=MJG9nGcXziyd-cakMaW14A,,Monday: 09:30 AM - 07:00 PM; Tuesday: 09:30 AM - 07:00 PM; Wednesday: 09:30 AM - 07:00 PM; Thursday: 09:30 AM - 07:00 PM; Friday: 09:30 AM - 07:00 PM; Saturday: 09:30 AM - 06:00 PM; Sunday: 11:00 AM - 06:00 PM
Luxie Nails Spa,,85 Salem St North End,,,,,3.5,https://www.yelp.com/biz/luxie-nails-spa-boston?adjust_creative=MJG9nGcXziyd-cakMaW14A&utm_campaign=yelp_api_v3&utm_medium=api_v3_business_search&utm_source=MJG9nGcXziyd-cakMaW14A,,Monday: 10:00 AM - 07:00 PM; Tuesday: 10:00 AM - 07:00 PM; Wednesday: 10:00 AM - 07:00 PM; Thursday: 10:00 AM - 07:00 PM; Friday: 10:00 AM - 07:00 PM; Saturday: 10:00 AM - 06:30 PM; Sunday: 10:00 AM - 05:30 PM
Natural Image Boston,,100 Federal St,,,,$$,3.7,https://www.yelp.com/biz/natural-image-boston-boston-2?adjust_creative=MJG9nGcXziyd-cakMaW14A&utm_campaign=yelp_api_v3&utm_medium=api_v3_business_search&utm_source=MJG9nGcXziyd-cakMaW14A,,
Town Nail & Skin Salon,,380 Commercial St,,,,,4.0,https://www.yelp.com/biz/town-nail-and-skin-salon-boston-19?adjust_creative=MJG9nGcXziyd-cakMaW14A&utm_campaign=yelp_api_v3&utm_medium=api_v3_business_search&utm_source=MJG9nGcXziyd-cakMaW14A,,Monday: 09:00 AM - 07:00 PM; Tuesday: 09:00 AM - 07:00 PM; Wednesday: 09:00 AM - 07:00 PM; Thursday: 09:00 AM - 07:00 PM; Friday: 09:00 AM - 07:00 PM; Saturday: 09:00 AM - 07:00 PM; Sunday: 10:00 AM - 06:00 PM
Arts Beauty Lounge,,41 Stillman St,,,,$$,4.9,https://www.yelp.com/biz/arts-beauty-lounge-boston-5?adjust_creative=MJG9nGcXziyd-cakMaW14A&utm_campaign=yelp_api_v3&utm_medium=api_v3_business_search&utm_source=MJG9nGcXziyd-cakMaW14A,,Monday: 10:00 AM - 07:00 PM; Tuesday: 10:00 AM - 07:00 PM; Wednesday: 10:00 AM - 07:00 PM; Thursday: 10:00 AM - 07:00 PM; Friday: 10:00 AM - 07:00 PM; Saturday: 08:30 AM - 03:00 PM; Sunday: 08:30 AM - 03:00 PM
Southie Nail Bar,,150 W Broadway,,,,,3.2,https://www.yelp.com/biz/southie-nail-bar-boston-2?adjust_creative=MJG9nGcXziyd-cakMaW14A&utm_campaign=yelp_api_v3&utm_medium=api_v3_business_search&utm_source=MJG9nGcXziyd-cakMaW14A,,Monday: 09:30 AM - 07:30 PM; Tuesday: 09:30 AM - 07:30 PM; Wednesday: 09:30 AM - 07:30 PM; Thursday: 09:30 AM - 07:30 PM; Friday: 09:30 AM - 07:30 PM; Saturday: 09:30 AM - 07:30 PM; Sunday: 10:00 AM - 06:30 PM
